{"cameraMode":{"drawMode":0,"name":"Shaded","section":"Shading Mode"},"sceneLighting":false,"audioPlay":false,"sceneViewState":{"showFog":true,"showMaterialUpdate":false,"showSkybox":false,"showFlares":true,"showImageEffects":true,"showParticleSystems":true},"in2DMode":false,"pivot":{"x":15.955585479736329,"y":35.60502624511719,"z":0.0791168212890625},"rotation":{"x":0.07256096601486206,"y":0.9246323108673096,"z":0.22145625948905946,"w":-0.30144861340522768},"size":10.320808410644532,"orthographic":false}