{"cameraMode":{"drawMode":0,"name":"Shaded","section":"Shading Mode"},"sceneLighting":false,"audioPlay":false,"sceneViewState":{"showFog":true,"showMaterialUpdate":false,"showSkybox":false,"showFlares":true,"showImageEffects":true,"showParticleSystems":true},"in2DMode":false,"pivot":{"x":-0.03800010681152344,"y":2.820499897003174,"z":-1.1589999198913575},"rotation":{"x":0.2622871398925781,"y":-0.24667909741401673,"z":0.06966372579336167,"w":0.9303956627845764},"size":4.501518726348877,"orthographic":false}