{"cameraMode":{"drawMode":0,"name":"Shaded","section":"Shading Mode"},"sceneLighting":false,"audioPlay":false,"sceneViewState":{"showFog":true,"showMaterialUpdate":false,"showSkybox":true,"showFlares":true,"showImageEffects":true,"showParticleSystems":true},"in2DMode":false,"pivot":{"x":-0.6450552940368652,"y":4.765971660614014,"z":0.31938934326171877},"rotation":{"x":0.002712214831262827,"y":0.9919335842132568,"z":0.014468072913587094,"w":-0.12696893513202668},"size":9.394332885742188,"orthographic":false}